id,authors,ressort,access,tags,release_date,has_comments,moderated_comments,has_recensions,breaking_news,corrected,length
1,1,1,1,"1,2,3,4,5,6,7",2006-12-28T12:00:00Z,true,false,true,true,true,
2,2,1,1,"8,9,10,11,12,13,14,15,16,17,18,19,20,21,22,23,7,24,25",2006-12-28T12:00:00Z,true,false,true,true,true,
3,3,1,1,"26,8,27,28,9,29,12,30,31,32,33,34,35",2006-12-28T12:00:00Z,true,false,true,true,true,
4,4,1,1,"36,37,38,39,40,41,42,43,44,31,45,46,47,48",2006-12-28T12:00:00Z,true,false,true,true,true,
5,5,1,1,"49,50,51,52,53,54,55,56,57,7",2006-12-28T12:00:00Z,true,false,true,true,true,
6,6,1,1,"58,59,60,61,44,62,63,64",2006-12-28T12:00:00Z,true,false,true,true,true,
7,7,1,1,"65,66,67,68,69,70,71,72,73,46,74,75",2006-12-28T12:00:00Z,true,false,true,true,true,
8,8,1,1,"76,77,78,79",2006-12-28T12:00:00Z,true,false,true,true,true,
9,9,1,1,"80,81,82,83",2006-12-28T12:00:00Z,true,false,true,true,true,
10,10,1,1,"84,85,86,87,88,89,90,91,92,17,9,93,94,95,96,97",2006-12-28T12:00:00Z,true,false,true,true,true,
11,11,1,1,"98,99,9,100,89,7,18,35,101,102,103",2006-12-28T12:00:00Z,true,false,true,true,true,
12,12,1,1,"104,105,106,107,108,109,110",2006-12-28T12:00:00Z,true,false,true,true,true,
13,13,1,1,"111,38,112,113,114,115,116,117,118,48,48",2006-12-28T12:00:00Z,true,false,true,true,true,
14,14,1,1,"119,120,121,122,123,124",2006-12-28T12:00:00Z,true,false,true,true,true,
15,15,2,1,"125,126,127,75,124,128,129",2006-12-28T12:00:00Z,true,false,true,true,true,
16,16,3,1,,2006-12-28T12:00:00Z,true,false,true,true,true,41104
17,17,4,1,"130,131,132,133,134",2006-12-28T12:00:00Z,true,false,true,true,true,
18,18,4,1,"135,136,137,138,119,139,140,141,142,110",2006-12-28T12:00:00Z,true,false,true,true,true,
19,19,4,1,"143,136,65,144,145,146,147,148,149,46",2006-12-28T12:00:00Z,true,false,true,true,true,
20,20,4,1,"135,150,139,151,152,153,140,154,155,156,157,158,75",2006-12-28T12:00:00Z,true,false,true,true,true,
21,21,4,1,"159,160,161,162,163,164,165,166,167,168,169,7,170,171",2006-12-28T12:00:00Z,true,false,true,true,true,
22,20,4,1,"172,153,173,54,174",2006-12-28T12:00:00Z,true,false,true,true,true,
23,22,4,1,"136,175,176,177,178,153,179,180,181,182,183,184,185,186,187,188",2006-12-28T12:00:00Z,true,false,true,true,true,
24,23,5,1,"92,189,190,191,192,46,124,193",2006-12-28T12:00:00Z,true,false,true,true,true,
25,24,5,1,,2006-12-28T12:00:00Z,true,false,true,true,true,
26,25,6,1,"194,195,196,197,198,199,92,189,190,191,192,46,124,193",2006-12-28T12:00:00Z,true,false,true,true,true,14536
27,26,5,1,"31,200,201,202,203,204,205,206,207,208,209,45,18,210,9,7",2006-12-28T12:00:00Z,true,false,true,true,true,
28,20,5,1,"211,212,194,213,214,215,9,46",2006-12-28T12:00:00Z,true,false,true,true,true,
29,27,5,1,"216,217,31,218,92,45,121,9,123,168,7",2006-12-28T12:00:00Z,true,false,true,true,true,
30,28,5,1,"219,124,220,25",2006-12-28T12:00:00Z,true,false,true,true,true,
31,20,5,1,"221,222,223",2006-12-28T12:00:00Z,true,false,true,true,true,
32,20,5,1,"224,225,226,227,228,229",2006-12-28T12:00:00Z,true,false,true,true,true,
33,29,5,1,"230,231,232,233,234,235,124",2006-12-28T12:00:00Z,true,false,true,true,true,
34,30,5,1,"230,231,232,233,236,234,235,124,237",2006-12-28T12:00:00Z,false,false,true,true,true,2419
35,20,6,1,,2006-12-28T12:00:00Z,true,false,true,true,true,
36,31,6,1,"153,238,239,240,35",2006-12-28T12:00:00Z,true,false,true,true,true,
37,32,6,1,"241,242,243,244,245,246,247,248",2006-12-28T12:00:00Z,true,false,true,true,true,
38,20,6,1,"249,250,251,252,253,254,244,246,255,75",2006-12-28T12:00:00Z,true,false,true,true,true,
39,33,7,1,"256,257,74,258",2006-12-28T12:00:00Z,true,false,true,true,true,
40,20,7,1,"259,260,261,262,263,264,124,75",2006-12-28T12:00:00Z,true,false,true,true,true,
41,34,7,1,"265,266,267,268,269,74,129",2006-12-28T12:00:00Z,true,false,true,true,true,
42,35,7,1,"270,265,271,213,272,273,274,275,276,277",2006-12-28T12:00:00Z,true,false,true,true,true,
43,36,5,1,"278,279,280,19,22,281",2007-01-04T12:00:00Z,true,false,true,true,true,
44,30,5,1,"232,282,283,284,285,286,174,287,288,124,289,35",2007-01-04T12:00:00Z,false,false,true,true,true,1731
45,30,5,1,,2007-01-11T12:00:00Z,false,false,true,true,true,1614
46,30,5,1,"232,290,291,124",2007-01-18T12:00:00Z,false,false,true,true,true,2168
47,37,8,1,"31,292,293,294,295,74,7,35",2007-01-18T12:00:00Z,false,false,true,false,true,16639
48,38,6,1,"296,297,298,299,300,75",2007-01-18T12:00:00Z,true,false,true,true,true,3527
49,39,6,1,"301,302,303,9,304,305",2007-01-18T12:00:00Z,true,false,true,true,true,9909
50,40,9,1,"65,70,72,66,306,307,308,75,309,74,46,264,7,170",2007-01-25T12:00:00Z,true,false,true,true,true,
51,41,1,1,"310,311,312,313,314,315,316,317",2007-01-25T12:00:00Z,false,false,false,false,true,
52,42,10,1,"243,318,319,320,321,322,323,9,324",2007-01-25T12:00:00Z,true,false,true,true,true,
53,30,5,1,"232,325,326,327,328,329,124",2007-01-25T12:00:00Z,false,false,true,true,true,1974
54,43,1,1,"330,331,332,333,334,113,335,9,336,155,337,189,338,339,34,340,157,7",2007-02-01T12:00:00Z,false,false,false,false,true,
55,44,4,1,"69,341,31,342,9,343,344,345,11,346,18,142,347,348,349,350,351,240,35,7",2007-02-01T12:00:00Z,true,false,true,true,true,27255
56,30,5,1,"352,232,284,353,354,355,356,124,357",2007-02-01T12:00:00Z,false,false,true,true,true,2124
57,45,6,1,"358,359,360,361,35",2007-02-01T12:00:00Z,true,false,true,true,true,3106
58,46,6,1,"362,363,364,365,366,367,368,369,54,89",2007-02-01T12:00:00Z,true,false,true,true,true,12242
59,47,1,1,"370,371,372,373,9,374,375,376",2007-02-08T12:00:00Z,true,false,true,true,true,11673
60,30,5,1,"377,232,378,339,379,74,124",2007-02-08T12:00:00Z,false,false,true,true,true,1325
61,48,1,1,"380,381,382,383,44,146,384,385,386",2007-02-15T12:00:00Z,false,false,true,false,true,5609
62,49,1,1,"387,123,388,314,389,390,391,392,308,393,217,394",2007-02-15T12:00:00Z,false,false,true,true,true,7023
63,50,5,1,"395,9,396,397,398",2007-02-15T12:00:00Z,false,false,false,false,true,34978
64,51,1,1,"399,400,401,402,31,18,237,403",2007-02-15T12:00:00Z,false,false,false,false,true,
65,52,5,1,"404,405,406,407,408",2007-02-15T12:00:00Z,false,false,false,false,true,5501
66,30,5,1,"409,232,410,411,287,142,412,124,413,414,415",2007-02-15T12:00:00Z,false,false,true,true,true,2299
67,45,6,1,"416,417,418,419,420,421,359,422,423,424,35,425",2007-02-15T12:00:00Z,false,false,true,true,true,9365
68,53,1,1,"380,381,426,427,428,146,429,430,431,385,74",2007-02-22T12:00:00Z,false,false,true,true,true,4137
69,54,5,1,"31,432,327,433,434,50,18,353,354,435,436,228,7,437,438",2007-02-22T12:00:00Z,false,false,false,false,true,10988
70,30,5,1,"232,429,439,124,440",2007-02-22T12:00:00Z,false,false,true,true,true,2253
71,55,6,1,"286,302,441,301,442,443,359,444,422,445,9,23,74",2007-02-22T12:00:00Z,true,false,true,true,true,13664
72,56,11,2,"446,31,447,294,448,449,450,198,451",2007-03-01T12:00:00Z,false,false,false,false,true,
73,57,5,1,"452,453,454,455,456,457,458,228,168,7",2007-03-01T12:00:00Z,false,false,true,false,true,10073
74,30,5,1,"232,459,282,460,461,462,236,463,464,465,466,9,7,124,467",2007-03-01T12:00:00Z,false,false,true,true,true,2147
75,58,8,1,"359,301,391",2007-03-01T12:00:00Z,true,false,true,true,true,4601
76,59,8,1,"468,469,470,471,472,473,474,475,74,476,35,305",2007-03-01T12:00:00Z,false,false,true,true,true,6478
77,30,5,1,"232,477,478,479,480,481,124",2007-03-08T12:00:00Z,false,false,true,true,true,1416
78,60,5,1,"136,40,482,483,484,485,486,300,48,487",2007-03-15T12:00:00Z,true,false,true,true,true,12832
79,52,5,1,"488,100,407,103,489",2007-03-15T12:00:00Z,false,false,false,false,true,9164
80,30,5,1,"232,490,439,491,124",2007-03-15T12:00:00Z,false,false,true,true,true,1897
81,61,12,1,"492,493,494,495,196,496,497,498,499,268,500,501,279,502,503,75,475",2007-03-15T12:00:00Z,false,false,true,true,true,8735
82,62,5,1,"504,505,506,507,508,509,510,511,9,477,512,513,282,514,515,516,517,518,437,475",2008-07-07T15:36:30.891983+00:00,false,false,true,false,true,36262
83,63,3,1,"519,520,521,522,523,524,9",2007-03-22T12:00:00Z,true,false,true,true,true,
84,63,5,1,"525,526,520,178,527,528,522,529,523,524,353,9",2007-03-22T12:00:00Z,true,false,true,true,true,
85,64,3,1,"530,521,531,532,533,437",2007-03-22T12:00:00Z,true,false,true,true,true,
86,65,5,1,"534,535,536,537,538,521,539,540,541,327,226,398,277",2007-03-22T12:00:00Z,true,false,true,true,true,2411
87,30,5,1,"232,153,173,542,124,543",2007-03-22T12:00:00Z,false,false,true,true,true,1126
88,66,4,1,"508,544,174,545,546,167,92,210",2007-03-29T12:00:00Z,false,false,true,false,true,10227
89,30,5,1,"232,547,548,549,550,439,551,552,74,7,124",2007-03-29T12:00:00Z,false,false,true,true,true,2375
90,30,5,1,"553,232,554,555,556,557,558,559,124",2007-04-04T12:00:00Z,false,false,true,true,true,2405
91,41,1,1,"560,561,40,562,563,564,142,562,9,123,7,565,316,102",2007-04-12T12:00:00Z,false,false,false,false,true,
92,30,5,1,"232,566,567,124,316",2007-04-12T12:00:00Z,false,false,true,true,true,1982
93,55,6,1,"545,150,568,569,570,571,572,573",2007-04-12T12:00:00Z,true,false,true,true,true,3054
94,67,8,1,"574,575,576,577,578,579,580,581,582,583",2007-04-12T12:00:00Z,false,false,true,true,true,15702
95,68,13,1,"584,585,586,587,588,328,589",2008-07-15T10:44:02.129969+00:00,false,false,true,false,true,6383
96,30,5,1,"232,590,591,592,490,124,593",2007-04-19T12:00:00Z,false,false,true,true,true,1922
97,69,8,1,"594,595,596,597,598,599,9,415,74,398",2007-04-19T12:00:00Z,true,false,true,true,true,
98,68,3,1,"600,601,602,100,603,604,491,490,74,124,277,605,75,606",2007-04-19T12:00:00Z,true,false,true,true,true,3168
99,41,1,1,"460,607,474,123,240,316",2007-04-26T12:00:00Z,false,false,true,false,true,7405
100,24,5,1,"608,609,291,277",2007-04-26T12:00:00Z,false,false,true,false,true,7494
101,30,5,1,"610,232,611,612,353,522,613,54,464,614,307,615,616,45,617,124,618",2007-04-26T12:00:00Z,false,false,true,true,true,2076
102,70,2,1,"619,620,445,17,9,621,622,142,623,624,625",2007-05-03T12:00:00Z,true,false,true,true,true,38528
103,14,14,1,"626,542,396,627,464",2007-05-03T12:00:00Z,true,false,true,true,true,6078
104,30,5,1,"249,232,50,628,522,629,584,529,328,291,124,277,35",2007-05-03T12:00:00Z,false,false,true,true,true,2988
105,71,6,1,"630,631,632,633,620,634,635,636,502,228",2007-05-03T12:00:00Z,false,false,true,true,true,8422
106,72,1,1,"36,637,88,7,638,65,639,339,640,641,74,92,240,121,22,475,46,168,642",2007-05-10T12:00:00Z,false,false,true,true,true,14308
107,30,5,1,"301,232,643,644,645,124",2007-05-10T12:00:00Z,false,false,true,true,true,1229
108,30,5,1,"646,647,648,649,650,439,651",2007-05-17T12:00:00Z,true,false,true,true,true,
109,30,5,1,"232,541,255,652,328,653,46,124",2007-05-17T12:00:00Z,true,false,true,true,true,1653
110,73,15,1,"654,37,655,656,657,658,659,660,268,9,23,661,662,281,74,533,75",2007-05-17T12:00:00Z,false,false,false,false,true,
111,74,4,2,,2007-05-24T12:00Z,true,false,true,true,true,
112,30,5,1,"584,249,232,663,523,664,124",2007-05-24T12:00:00Z,false,false,true,true,true,1383
113,26,5,1,"665,9,666,667,126,31,668,617,669",2007-05-24T12:00:00Z,true,false,true,true,true,13475
114,75,6,1,"670,671,301,672,673,674,369,675,305",2007-05-24T12:00:00Z,true,false,true,true,true,7405
115,76,7,1,"676,265,677,678,9,679,35,438,680,102",2007-05-24T12:00:00Z,true,false,true,true,true,10680
116,30,5,1,"534,681,682",2007-05-31T12:00:00Z,true,false,true,true,true,2547
117,68,7,2,,2007-05-31T12:00:00Z,true,false,true,true,true,
118,30,5,1,"232,683,684,439,74,124",2007-06-07T12:00:00Z,false,false,true,true,true,2112
119,77,6,1,"685,686,45,193,475,687,688,689,690,691",2007-06-07T12:00:00Z,true,true,true,true,true,15795
120,30,5,1,"232,692,124",2007-06-14T12:00:00Z,false,false,true,true,true,1487
121,78,7,2,,2007-06-14T12:00Z,true,false,true,true,true,
122,10,1,1,"693,87,694,90,695,89,696,697,698,699,281,700,96,97",2007-06-21T12:00:00Z,true,false,true,true,true,10044
123,79,4,1,"31,217,481,701,282,702,703,704,478,479,705,706,707,22,9,708,7,709,35,710,711,712",2007-06-28T12:00:00Z,true,false,true,true,true,
124,80,5,1,"713,714,264",2007-06-28T12:00:00Z,true,false,true,true,true,
125,63,5,1,"432,521,327,715",2007-06-28T12:00:00Z,true,false,true,true,true,
126,30,5,1,"716,717,232,521,268,328,326,157,124",2007-06-28T12:00:00Z,false,false,true,true,true,2372
127,81,5,1,"718,394,719,720,61,12,721",2007-06-28T12:00:00Z,true,false,true,true,true,9761
128,8,6,1,"722,723,724,725,726,596,727,74,728,240",2007-06-28T12:00:00Z,false,false,false,false,true,
129,82,16,1,"729,730,731,732,217,75,129,733",2007-07-05T12:00:00Z,true,false,true,true,true,17963
130,30,5,1,"232,549,550,291,124",2007-07-05T12:00:00Z,false,false,true,true,true,1246
131,2,8,1,"734,557,735,185,198,424,736,14,737,74,7",2007-07-05T12:00:00Z,true,false,true,true,true,3185
132,30,5,1,"232,738,739,538,287,124",2007-07-12T12:00:00Z,false,false,true,true,true,1532
133,2,5,1,"740,716,602,741,742,743,744,745,557,746,747,9,748,7,749,750,751,752",2007-07-12T12:00:00Z,true,false,true,true,true,8787
134,83,6,2,"753,754,297,56,755,756,757,758,759,760,761,762,74,75",2007-07-12T12:00:00Z,false,false,false,false,true,
135,30,5,1,"439,249,232,763,521,522,490,124",2007-07-19T12:00:00Z,false,false,true,true,true,1946
136,30,5,1,"232,764,629,765,739,124,766",2007-07-26T12:00:00Z,false,false,true,true,true,2031
137,84,7,2,,2007-07-26T12:00Z,true,false,true,true,true,
138,67,2,1,"767,768,769,770,771,772,9,773,774,244,255,74,35,775",2007-08-02T12:00:00Z,false,false,false,false,true,37850
139,30,5,1,"520,776,541,522,328,124,75",2007-08-02T12:00:00Z,true,false,true,true,true,2288
140,85,5,1,,2007-08-02T12:00:00Z,true,false,true,true,true,13914
141,86,6,1,"286,297,777,778,15,29,779,695,454,9,780,110,240,35,781,782",2007-08-02T12:00:00Z,true,false,true,true,true,6382
142,87,16,2,"783,784,785,786,787,541,275,31,361",2007-08-09T12:00:00Z,true,true,true,true,true,32154
143,26,5,1,"788,464,789,790,791,792,549,92,793,264,794,669,258",2007-08-09T12:00:00Z,false,false,true,false,true,20136
144,30,5,1,"232,527,795,796,797,798,799,168,124",2007-08-09T12:00:00Z,true,false,true,true,true,1752
145,88,5,1,"800,801,526,802,803,804,124",2007-08-09T12:00:00Z,true,false,true,true,true,
146,88,5,1,"534,805,806,535,807,808,809,802,521,810,811,353,812",2007-08-09T12:00:00Z,false,false,true,false,true,3918
147,89,8,1,"813,814,815,816,817,818,819,723,820,821,822",2007-08-15T12:00:00Z,true,false,true,true,true,15787
148,36,5,1,"823,799,824,9,264,825,826",2007-08-16T12:00:00Z,true,false,true,true,true,
149,30,5,1,"232,827,124,828",2007-08-16T12:00:00Z,true,false,true,true,true,1885
150,38,6,1,"829,297,830,831,832,833,834,835,226,836",2007-08-16T12:00:00Z,true,false,true,true,true,
151,30,5,1,"837,232,838,555,839,840,841,842,286,843,489,124",2007-08-23T12:00:00Z,true,false,true,true,true,1662
152,90,8,1,"9,89,844,845,51,846,847,196,848,286,849,850,851,7,12,852,83",2007-08-23T12:00:00Z,false,false,true,false,true,27492
153,91,6,1,,2007-09-13T04:18Z,false,false,false,false,true,8787
154,92,9,1,"69,853,68,854,788,855,136,655,429,856,857,858,859,860,861,185,862,264,680,124,863,780",2007-08-30T12:00:00Z,true,false,true,true,true,
155,93,1,1,"69,112,37,854,429,858,864,865,866,867,176,868,856,869,870,871,780",2007-08-30T12:00:00Z,true,false,true,true,true,
156,30,5,1,"872,717,232,644,124",2007-08-30T12:00:00Z,false,false,true,true,true,1163
157,10,17,1,,2007-08-30T12:00:00Z,true,true,true,true,true,7978
158,94,1,1,,2007-09-06T12:37Z,false,false,true,true,true,30257
159,30,5,1,,2007-09-05T08:35Z,true,false,true,true,true,1615
160,95,8,2,,2007-09-05T03:06Z,false,false,false,false,true,
161,30,5,1,,2007-09-12T08:13Z,false,false,true,true,true,1556
162,96,5,1,,2007-09-13T04:36Z,true,false,true,true,true,8445
163,97,17,1,,2007-09-21T02:03Z,true,false,true,true,true,6365
164,98,4,1,,2007-09-21T02:51Z,true,false,true,true,true,2656
165,76,5,1,,2007-09-20T10:44Z,true,false,true,true,true,12660
166,30,5,1,,2007-09-20T07:42Z,true,false,true,true,true,1571
167,99,4,2,,2007-09-24T02:15Z,true,false,true,true,true,5381
168,100,4,1,,2007-10-08T04:07Z,true,false,true,true,true,8729
169,30,5,1,,2007-09-26T06:27Z,true,false,true,true,true,1910
170,101,8,1,,2007-10-04T01:48Z,false,false,false,false,true,3278
171,69,8,1,,2007-09-27T12:06Z,true,false,true,true,true,12995
172,30,5,1,,2007-10-03T08:33Z,true,false,true,true,true,1936
173,30,5,1,,2007-10-11T11:19Z,true,false,true,true,true,1707
174,102,8,1,,2007-10-11T12:08Z,true,false,true,true,true,3263
175,103,5,1,,2007-10-17T11:01Z,true,false,true,true,true,14144
176,30,5,1,,2007-10-18T08:41Z,true,false,true,true,true,1964
177,47,17,1,,2007-10-27T07:01Z,true,false,true,true,true,9907
178,30,5,1,,2007-10-25T02:07Z,true,false,true,true,true,1998
179,30,5,1,,2007-10-30T09:24Z,true,false,true,true,true,1921
180,104,7,2,,2007-10-31T01:47Z,true,false,true,true,true,6821
181,105,4,1,,2007-11-08T12:08Z,false,false,true,true,true,4815
182,106,2,1,,2007-11-13T09:37Z,true,false,true,true,true,42485
183,107,4,1,,2007-11-08T11:12Z,true,false,true,true,true,2287
184,108,14,1,,2007-11-07T10:05Z,true,false,true,true,true,12978
185,30,5,1,,2007-11-07T10:00Z,false,false,true,true,true,1966
186,8,8,1,,2007-11-19T02:05Z,true,false,true,true,true,3366
187,30,5,1,,2007-11-14T11:48Z,true,false,true,true,true,1668
188,14,1,1,,2007-11-23T01:12Z,true,false,true,true,true,4468
189,105,4,1,,2007-11-21T12:24Z,true,false,true,true,true,1854
190,30,5,1,,2007-11-22T07:25Z,false,false,true,true,true,1947
191,47,2,1,,2008-02-05T04:47Z,true,false,true,true,true,35306
192,30,11,1,,2007-11-29T09:04Z,true,false,true,true,true,11540
193,30,5,1,,2007-11-29T01:53Z,true,false,true,true,true,2312
194,109,11,2,,2007-12-01T05:59Z,true,false,true,true,true,8191
195,110,1,1,,2007-12-08T07:09Z,true,false,true,true,true,9351
196,111,2,1,,2008-02-05T04:45Z,false,false,true,false,true,33602
197,88,5,1,,2007-12-06T10:31Z,true,false,true,true,true,9129
198,112,4,1,,2007-12-12T03:41Z,true,true,true,true,true,7401
199,113,1,1,,2007-12-13T03:05Z,true,true,true,true,true,4283
200,114,1,1,,2007-12-13T03:06Z,true,true,true,true,true,6748
201,115,1,1,,2007-12-13T03:05Z,true,true,true,true,true,11947
202,116,1,1,,2007-12-12T05:59Z,true,true,true,true,true,5170
203,117,1,1,,2007-12-18T01:37Z,true,true,true,true,true,10736
204,118,1,1,,2007-12-12T09:45Z,true,true,true,true,true,1753
205,119,2,1,,2007-12-17T07:14Z,true,true,true,true,true,8483
206,120,1,1,,2007-12-19T09:59Z,true,true,true,true,true,19350
207,121,2,1,,2007-12-12T02:38Z,true,true,true,true,true,4861
208,122,4,1,,2007-12-16T06:03Z,true,true,true,true,true,16118
209,123,4,1,,2007-12-18T11:01Z,true,true,true,true,true,2277
210,51,4,1,,2007-12-17T07:11Z,true,true,true,true,true,10241
211,124,4,1,,2007-12-15T02:48Z,true,true,true,true,true,5183
212,125,4,1,,2007-12-14T02:07Z,true,true,true,true,true,5808
213,26,5,1,,2007-12-13T08:26Z,true,true,true,true,true,8888
214,126,5,1,,2007-12-18T07:26Z,true,true,true,true,true,2875
215,30,5,1,,2007-12-13T08:27Z,true,true,true,true,true,5030
216,127,5,1,,2007-12-15T05:02Z,true,true,true,true,true,4442
217,128,5,1,,2007-12-12T01:50Z,true,true,true,true,true,16033
218,128,5,1,,2007-12-12T02:12Z,true,true,true,true,true,2238
219,127,4,1,,2007-12-14T04:38Z,true,true,true,true,true,1985
220,80,5,1,,2007-12-14T05:20Z,true,true,true,true,true,3160
221,55,6,1,,2007-12-18T01:45Z,true,true,true,true,true,16643
222,129,8,1,,2007-12-16T03:47Z,true,true,true,true,true,3536
223,128,8,1,,2007-12-13T05:21Z,true,true,true,true,true,8798
224,46,6,1,,2007-12-13T08:53Z,true,true,true,true,true,1188
225,130,7,1,,2007-12-14T03:52Z,true,true,true,true,true,6114
226,84,7,1,,2007-12-14T03:49Z,true,true,true,true,true,1793
227,109,13,1,,2007-12-15T07:36Z,true,true,true,true,true,1935
228,68,13,1,,2007-12-13T10:21Z,true,true,true,true,true,6381
229,109,1,1,,2007-12-18T12:18Z,true,true,true,true,true,5594
230,48,4,1,,2007-12-19T12:26Z,true,false,true,true,true,9704
231,119,1,1,"36,41,37,873,874,875,876,877,878,356,392,879,614,47,258",2007-12-27T12:00:00Z,true,false,true,true,true,3524
232,67,2,1,"880,657,9,210,74,35,289",2007-12-27T12:00:00Z,true,false,true,true,true,35525
233,26,5,1,"136,112,881,882,883,791,44,884,789,885,209,46,74,264,886",2007-12-27T11:39:00Z,false,false,true,false,true,4140
234,127,5,1,"887,301,888,889,890,891,892",2007-12-27T12:00:00Z,false,false,false,false,true,2549
235,98,18,1,"893,894,243,895,896,653,897,898,541,899,900,901",2007-12-28T01:27:00Z,true,false,true,true,true,6431
236,110,2,1,"902,903,904",2008-01-03T12:00:00Z,true,false,true,true,true,3652
237,131,4,2,"905,372,399,570,342,142,906,45,17,907,121,9,31,7,82,22,412,605,908",2008-01-03T09:02:00Z,true,false,true,true,true,13478
238,132,4,2,"905,909,142,200,22,123,17,57,662,7,316",2008-01-03T12:00:00Z,true,false,true,true,true,7359
239,126,5,1,"910,526,911,521,522,267,912,567,9,124",2008-01-03T12:00:00Z,false,false,false,false,true,3077
240,10,5,1,"913,61,9,914,915",2008-01-03T12:00:00Z,true,false,true,true,true,7878
241,58,8,1,"916,301,359,917,45",2008-01-03T12:00:00Z,true,false,true,true,true,8316
242,33,5,1,"918,919,212,920,921,922,28,9,170",2008-01-03T12:00:00Z,true,false,true,true,true,7092
243,133,7,2,,2008-01-04T01:43Z,true,false,true,true,true,6207
244,26,5,1,"136,923,924,521,925,839,926,616,92,168",2008-01-12T10:40:00Z,true,false,true,true,true,2978
245,134,1,1,"123,927,928,318,929,930",2008-01-17T12:00:00Z,true,false,true,true,true,7152
246,30,5,1,"931,232,932,683,283,243,541,545,466,9,933,934,305",2008-01-17T12:00:00Z,true,false,true,true,true,2938
247,135,8,1,"935,936,595",2008-01-17T12:00:00Z,true,false,true,true,true,3674
248,136,1,1,"121,390,921,932,369,937,142,9,938,939",2008-01-24T12:00:00Z,false,false,true,true,true,8321
249,124,4,1,"940,639,941,69,942,153,943,944,945,946,349,947,89,217,121,142,661,22,662",2008-01-24T12:00:00Z,true,false,true,true,true,9034
250,30,5,1,"162,948,949,950,951",2008-01-24T12:00:00Z,false,false,true,true,true,12632
251,137,8,1,"455,952,953,297,725,726,954,955,321,462,956",2008-01-24T12:00:00Z,false,false,false,false,true,17530
252,45,6,1,"957,301,958,959,960,359,254,961,962,963,108,9,964,820",2008-01-24T12:00:00Z,true,false,true,true,true,2359
253,138,19,2,,2008-01-23T02:16Z,true,false,true,true,true,3806
254,6,1,1,"334,965,37,343,966,116,967,74,168,7,968,240,317",2008-01-30T04:04:00Z,true,false,true,true,true,7583
255,139,4,1,"453,969,970,548,667,328,971,972",2008-01-30T12:09:00Z,true,false,true,true,true,1668
256,140,20,1,"973,974,975,292,976,977,978,979,891,243,980,31,17,981,9",2008-01-31T12:00:00Z,true,false,true,true,true,9249
257,140,18,1,"40,982,983,984,985,986,987,988,989,653,34",2008-01-30T03:33:00Z,true,false,true,true,true,2498
258,141,8,1,"753,990,991,240,992,993",2008-01-31T05:11:00Z,true,false,true,true,true,2802
259,68,13,1,"994,112,918,995,996,153,181,997,998,999,118,147,268,386,258,48,775,1000",2008-01-31T12:00:00Z,true,false,true,true,true,2935
260,108,17,1,"1001,1002,410,1003,177,1004,1005,1006,217,1007",2008-02-07T12:00:00Z,false,false,false,false,true,2151
261,109,7,2,,2008-02-13T08:58Z,true,false,true,true,true,5544
262,142,1,1,"1008,1009,1010,1011,217,1012,1013,294,706,1014,1015,1016,1017,218,7,1018",2008-02-19T09:41:00Z,true,false,true,true,true,8408
263,143,6,1,"1019,594,297,1020,597,1021,75",2008-02-14T12:00:00Z,false,false,false,false,true,6522
264,26,5,1,"1022,222,291,1023,227,821,289,1024",2008-02-21T12:00:00Z,true,false,true,true,true,16984
265,144,6,1,"1025,1026,1027,1028,1029,1030,592,1031,124,1005,74,75,46,1032",2008-02-21T12:00:00Z,false,false,true,false,true,17991
266,37,6,1,,2008-02-27T01:52Z,true,false,true,true,true,10093
267,95,8,1,"297,1033,1034,835,1035,445,1036,7,35,475",2008-02-21T12:00:00Z,true,false,true,true,true,3585
268,14,9,1,"124,38,40,37,1037,1038,1039,1040,206,1041,1042,1043,1044",2008-02-28T12:00:00Z,true,false,true,true,true,4508
269,145,1,1,"1045,29,33,844,1046,1047,1048,1049,1050,9,110",2008-02-28T12:00:00Z,true,false,true,true,true,12523
270,146,4,1,"1051,665,98,1052,1053,848,849,1054,185,1055,1056,142,7,503,938,475,565,25",2008-03-02T11:02:00Z,true,false,true,true,true,9857
271,60,5,1,"1057,1058,491,9,227,1059,1036,228,1060,7,237,1061,1062",2008-02-28T12:00:00Z,true,false,true,true,true,16139
272,26,5,1,"1063,282,970,613,474,1064,1065,454,1048,286,1066,340,1067,1068,9,615",2008-02-28T12:00:00Z,false,false,true,false,true,2913
273,147,17,1,"1069,744,521,541,1070",2008-02-28T12:00:00Z,false,false,true,false,true,6046
274,148,17,1,"136,38,1071,1072,118,1073,1007,652,48",2008-02-28T12:00:00Z,true,false,true,true,true,10570
275,133,17,1,"1073,1074,1075,1076",2008-02-29T01:03:00Z,true,false,true,true,true,7420
276,76,17,1,"195,265,260,1073,266,268,1077,1072,1078,1079,1007",2008-02-28T12:00:00Z,true,false,true,true,true,5682
277,149,16,1,"1080,1081,1082,36,399,446,637,1083,1084,1085,31,110",2008-03-06T12:00:00Z,true,false,true,true,true,6534
278,134,1,1,"123,314,40,1086,7",2008-03-06T12:00:00Z,false,false,false,false,true,16271
279,150,4,1,"1087,555,449,1088,1089,1090,18,661,9,1091",2008-03-06T12:00:00Z,false,false,false,false,true,13373
280,21,4,1,"1092,161,1093,1094,952,1095,163,1096,114,1097,1098,1099,764,1100,189,74,1101,1102,169",2008-03-06T12:00:00Z,false,false,true,true,true,3851
281,76,5,1,"259,922,921,537,1103,1039,799,328,50,1104,1105",2008-03-05T01:13:00Z,true,false,true,true,true,2949
282,126,11,1,"395,50,1106,1107,628,267,9,1108,1109",2008-03-06T12:00:00Z,true,false,true,true,true,7740
283,96,5,1,"1110,830,1111,594,1112",2008-03-06T12:00:00Z,true,false,true,true,true,5071
284,151,4,1,"1113,537,178,243,541,1007,226",2008-03-06T12:00:00Z,true,false,true,true,true,2572
285,36,5,1,"521,1114,573",2008-03-06T12:00:00Z,true,false,true,true,true,5065
286,152,6,1,"1115,1116,76,1117,1118,668,758,1015,123,35,475,1119",2008-03-06T12:00:00Z,false,false,true,true,true,17079
287,153,17,1,"1073,975,1120,1007,1121,1122,1123,1124,1125,48",2008-03-06T12:00:00Z,true,false,true,true,true,8651
288,138,7,1,"495,1126,262,998,588,9",2008-03-10T09:37:00Z,false,false,false,false,true,3939
289,113,1,1,"112,399,401,69,41,1127,37,36,855,1128,1129,1130,1131,46,124,47",2008-03-14T10:33:00Z,true,false,true,true,true,6990
290,154,17,1,"136,478,682,1132,536,1133,92,1134,210,1135,124",2008-03-13T01:12:00Z,true,false,true,true,true,6209
291,107,4,1,"138,153,173,1065,1136,1137,48,309",2008-03-13T12:00:00Z,true,false,true,true,true,3525
292,108,1,1,,2008-03-12T01:10Z,false,false,true,false,true,12860
293,155,13,1,"1138,195,265,1002,1139,272,1140,1141,1105,268,386,1142",2008-03-14T06:41:00Z,true,false,true,true,true,4348
294,156,7,1,"1143,1144,850,1145,268,1121,1002,1146,339,1147,502,1148,1149,7,475",2008-03-13T01:51:00Z,true,false,true,true,true,5247
295,138,7,2,,2008-03-13T02:30Z,true,false,true,true,true,4230
296,157,4,1,"610,1150,1151,1152,31,1153,445,92,45,1154",2008-03-20T12:00:00Z,false,false,true,false,true,14682
297,128,8,1,"504,1155,196,244,1143,1156,592,796,1157,1158,1149,47,1159,240,35,475",2008-03-20T12:00:00Z,true,false,true,true,true,14990
298,61,7,1,,2008-03-20T12:00:00Z,true,true,true,true,true,1810
299,2,4,1,"1160,344,1161,681,1063,1162,1163,9,210,240",2008-03-27T12:00:00Z,true,false,true,true,true,5604
300,123,1,1,"66,136,144,1164,477,1165,153,73,1166,1167,1168,1169,717,429,75,46",2008-03-27T12:00:00Z,true,false,true,true,true,1994
301,158,4,2,"683,570,153,906,1170,120,287,1171,124,258,1172",2008-03-27T12:00:00Z,true,false,true,true,true,4118
302,33,4,1,,2008-04-14T04:49Z,false,false,true,false,true,11241
303,159,4,1,"545,1173,952,1174,1175,1176,150,569,1177,259,1178,1179,1180,1181,346,1182,1183,1184",2008-03-27T12:00:00Z,false,false,false,false,true,7143
304,98,18,1,"952,243,1185,1186,235,9,653,124",2008-03-27T12:00:00Z,true,false,true,true,true,6288
305,160,18,1,"50,1187,210,9,794,503,124",2008-03-27T12:00:00Z,true,false,true,true,true,6161
306,23,5,1,"521,1188,1189,522,1190,1191,1192,7,1193,237",2008-04-03T12:00:00Z,false,false,false,false,true,19857
307,32,6,1,"244,1194,1195,1196,1197,245,591,246,1198,74",2008-04-03T10:10:00Z,false,false,true,false,true,3461
308,148,17,1,"1038,100,1120,1199,1073,275,1200,1007,1074,1201,652,46,1076,1202,1203,1075,1204",2008-04-03T12:00:00Z,false,false,true,true,true,9871
309,161,13,1,"37,38,40,1051,1205,537,153,998,429,1206,1086,1207,1208,133,268,386,47",2008-04-03T12:00:00Z,true,false,true,true,true,2547
310,116,1,1,"212,1209,1210,783,920,1211,1212,325,921,1213,28,1214,423,9,102,1060,1215,7,237,437,1216,711",2008-04-10T12:00:00Z,true,false,true,true,true,4173
311,162,1,1,"123,1217,50,537,1218,1219,1220,353,1221,1222,1223,1007,1224",2008-04-10T12:00:00Z,false,false,false,false,true,5467
312,163,4,1,"1225,1226,1227,1228,1229,1230,1231,74,993",2008-04-10T12:00:00Z,false,false,false,false,true,19669
313,88,5,1,"205,1232,1233,909,1234,683,206,207,31,74,1235",2008-04-10T12:00:00Z,true,false,true,true,true,12264
314,126,5,1,"536,177,1236,1237,1151,1238,249,108,1239",2008-04-10T07:45:00Z,true,false,true,true,true,2561
315,164,8,1,"1240,297,1241,1242,1243,803,715,124",2008-04-10T12:00:00Z,true,false,true,true,true,3737
316,165,6,1,"1244,1245,1246,1247,1248",2008-04-10T12:00:00Z,false,false,true,true,true,7112
317,68,13,1,"918,1249,1250,1251,153,287,268,1252,1108,124,75",2008-04-10T12:00:00Z,true,false,true,true,true,1910
318,68,1,1,"124,38,66,40,873,1253,42,153,998,999,1086,268,988,651,46,47,48,1075",2008-04-10T12:00:00Z,true,false,true,true,true,8445
319,51,4,1,"1254,31,1255,1067,547,969,1256,1257,1258,971,1259,281,126,1260,7",2008-04-17T12:00:00Z,false,false,true,true,true,26783
320,26,16,1,"1261,457,1262,1090,454,9,1263,1264,1265",2008-04-17T12:00:00Z,true,false,true,true,true,12742
321,166,5,1,"1266,1267,1268,1269,1261,1270,227,7,1271",2008-04-17T12:00:00Z,true,false,true,true,true,7638
322,147,5,1,"1272,1273,1274,449,1275,746,1276,1277,1278,1279,683,835,1280,1281",2008-04-17T12:00:00Z,true,false,true,true,true,4311
323,167,5,2,,2008-04-17T01:22Z,true,false,true,true,true,2553
324,108,17,1,"537,1039,1282,1007,1043,652,287,1283,74,124,1203,1172",2008-04-17T12:00:00Z,true,false,true,true,true,10521
325,30,5,1,"439,1284,1285,232,1286,682,1287,74,124",2008-04-24T12:00:00Z,true,false,true,true,true,2147
326,168,8,1,"1288,297,1289,322,1290,1172,7,124,1291,289",2008-04-24T12:00:00Z,true,false,true,true,true,9438
327,95,6,1,"297,830,1033,835",2008-04-24T12:00:00Z,true,false,true,true,true,2033
328,95,8,1,"297,1292,835,758,7,240",2008-04-24T12:00:00Z,true,false,true,true,true,5806
329,68,13,1,"918,1293,176,173,268,386,556,124,75,487",2008-04-24T12:00:00Z,true,false,true,true,true,1721
330,41,17,1,"1294,1295,1296",2008-05-01T12:00:00Z,false,false,false,false,true,6994
331,169,8,1,"1297,1298,541,1299,324,74,75,1300",2008-05-01T12:00:00Z,false,false,true,false,true,38031
332,69,8,1,"595,297,1301,596,597,1302,1303,687,75,316",2008-05-01T12:00:00Z,false,false,true,false,true,20718
333,103,1,1,"1304,1305,1306,1307,1308,1309,708,1296,123",2008-05-08T12:00:00Z,false,false,true,false,true,8193
334,170,5,1,"354,1310,1311,682,1312,7",2008-05-08T12:00:00Z,false,false,false,false,true,13456
335,26,5,1,"136,790,1313,1314,339,74,264,669,35",2008-05-08T12:00:00Z,false,false,true,false,true,11909
336,143,6,1,"1315,297,756,596,327,762,597,1316,316",2008-05-08T12:00:00Z,true,false,true,true,true,3656
337,2,1,1,,2008-05-14T06:58Z,true,false,true,true,true,2890
338,114,1,1,"873,38,40,47,1317,1318,148,1319,74",2008-05-15T12:00:00Z,true,false,true,true,true,9636
339,171,1,1,"31,691,1292,1209,1320,1321,287,1322,1323,1324,54,295,1325",2008-05-15T12:00:00Z,true,false,true,true,true,2338
340,172,1,1,"1008,1326,1327,53,147,484,498,1328,1329,1330,1331,1332,217,992,709,1333,1334",2008-05-15T12:00:00Z,true,false,true,true,true,3177
341,5,4,2,"1335,136,570,544,1336,1337,684,1338,1339,1340,31,683,92,45,217,1341,1342,1343,323,22,110,168,7",2008-05-15T12:00:00Z,true,false,true,true,true,12150
342,173,5,1,"1344,882,790,126,1345,1346,1347,1348,31,45,20,1349,264,1350",2008-05-15T12:00:00Z,false,false,true,false,true,13971
343,173,5,1,"354,1351,1352,1353,682,1354,972,651,1355,454,1356,1023,1357,264,7,1101",2008-05-15T12:00:00Z,false,false,true,false,true,6403
344,26,5,1,"189,291,794,74,228,7,1358",2008-05-15T12:00:00Z,false,false,true,false,true,14068
345,117,5,1,"545,1359,1360,1361,844,1362,29,1363,1364,1365,12,286,142,967,1366,851,31,1367,45,53,35",2008-05-15T12:00:00Z,true,false,true,true,true,20009
346,174,6,1,"244,1368,1369,1370,768,1371,1372,1373,246,503,968,475",2008-05-15T12:00:00Z,false,false,true,false,true,8729
347,175,6,1,"1374,1375,1376,327,1377,1378,1379",2008-05-15T12:00:00Z,true,false,true,true,true,3433
348,176,13,1,"586,1380,38,1381,153,213,1382,173,1383,147,275,74,503,1384",2008-05-15T12:00:00Z,true,false,true,true,true,2887
349,177,2,1,"119,973,1385,74,157,1386",2008-05-21T12:00:00Z,true,false,true,true,true,34771
350,178,4,1,"136,1387,875,1293,1002,1165,1120,1141,1388,922,877,1105,796,186,1389,1390",2008-05-21T12:00:00Z,true,false,true,true,true,3178
351,179,5,1,"1391,666,1392,192,1393,1394",2008-05-21T12:00:00Z,true,false,true,true,true,5566
352,37,8,1,"1395,455,726,1396,1397,1398",2008-05-21T12:00:00Z,false,false,false,false,true,10156
353,180,13,1,"270,150,265,1399,1400,266,1401,679,277",2008-05-21T12:00:00Z,false,false,false,false,true,7930
354,181,21,1,"1402,1403,265,266,1079,1123,1007,1404,268,1121,195",2008-05-21T12:00:00Z,true,false,true,true,true,3203
355,4,1,1,"112,38,40,994,36,401,37,1405,1406,1407,9,48",2008-09-12T16:59:32.679638+00:00,true,false,true,true,true,5715
356,173,1,1,"136,1344,790,1261,1408,549,1347,1409,126,264,1349,7",2008-05-29T12:00:00Z,false,false,true,false,true,4698
357,182,4,1,"1410,1411,1412,1413,1414,151,1415,218,1416,1417,1418,46",2008-06-02T02:53:00Z,true,false,true,true,true,7939
358,183,6,1,,2008-05-29T10:18Z,true,false,true,true,true,3551
359,184,6,1,"777,240,1419",2008-05-29T12:00:00Z,true,false,true,true,true,7135
360,185,17,1,"1420,1421,1422,652,1203",2008-05-28T05:04:00Z,true,false,true,true,true,10200
361,186,13,1,"271,1423,1424,1425,1374,1426,268,394",2008-05-30T09:47:00Z,true,false,true,true,true,1768
362,133,7,2,,2008-06-03T02:54Z,true,false,true,true,true,6765
363,26,4,1,"882,1255,221,1427,1337,970,1257,1428,25",2008-06-05T12:00:00Z,true,false,true,true,true,2582
364,82,5,1,"1429,716,1430,274,1431,217,661,110,1432,1433",2008-06-05T12:00:00Z,true,false,true,true,true,2120
365,187,5,1,"1434,1435,1436,1437,1082,1378,1438,522,550,992,475",2008-06-12T12:00:00Z,true,false,true,true,true,2579
366,28,5,1,"522,491,1439,1440,429,353,291",2008-06-12T02:20:00Z,true,false,true,true,true,2269
367,188,1,2,"85,89,1441,694,1442,1321,1443,17,501",2008-06-19T12:00:00Z,true,true,true,true,true,9423
368,189,4,1,"570,1083,1444,411,1233,1445,142,1446,1447,605",2008-06-19T12:00:00Z,false,false,false,false,true,5743
369,190,5,2,"203,1448,1344,1449,1450,1451,909,44,1452,1453,683,1454,200,1272,1455,204,1337,205,206,1456,1457,1458,1409,31,7,1459",2008-06-19T12:00:00Z,true,false,true,true,true,6044
370,23,4,1,"876,1460,909,1461,1462,31,1256,1463,606",2008-06-19T12:00:00Z,true,false,true,true,true,16969
371,60,5,1,"683,453,1464,207,189,123,690,128,775",2008-06-19T12:11:00Z,false,false,true,false,true,13186
372,191,5,1,"1465,1466,889,31,228",2008-06-19T12:00:00Z,true,false,true,true,true,2282
373,192,6,1,"301,1467,1468,1469,445,1470,1471,12,1472,1473,1049,9,61,31,1036,33,102",2008-06-19T12:00:00Z,true,false,true,true,true,9059
374,181,13,1,"918,1474,540,354,274,1079,1475,268,1401,839",2008-06-19T12:00:00Z,true,false,true,true,true,4282
375,133,17,1,"1476,1477,1478,541,195,1007",2008-06-19T12:00:00Z,false,false,false,false,true,5549
376,11,1,1,,2008-06-26T02:05Z,false,false,true,false,true,10029
377,145,1,1,"639,1479,1480,844,1481,564,846,1126,1482,55,1483,31,110,7,295,1484",2008-06-26T12:00:00Z,true,false,true,true,true,4555
378,2,8,1,,2008-06-25T10:51Z,true,false,true,true,true,3347
379,20,1,1,,2008-06-26T12:00:00Z,true,false,true,true,true,
380,20,1,1,,2008-06-26T12:00:00Z,true,false,true,true,true,
381,193,1,1,"1434,1485,1486",2008-06-26T12:00:00Z,true,false,true,true,true,
382,194,1,1,"1487,37,1488",2008-06-26T12:00:00Z,true,false,true,true,true,
383,20,1,1,"1489,1490,1204",2008-06-26T12:00:00Z,true,false,true,true,true,
384,195,1,1,"297,1486,597",2008-06-26T12:00:00Z,true,false,true,true,true,
385,20,1,1,"974,282,1491,464,1492,1493",2008-06-26T12:00:00Z,true,false,true,true,true,
386,196,1,1,"41,172,401,1494,637,37,1008,1495,1479,1496,1450,1497,1498,1499,1483,1500,580,1480,1501,1502",2008-06-26T12:00:00Z,true,false,true,true,true,
387,197,1,1,"144,1138,1403,1103,153,538,1380,1503,146,1504,922,131,945,1505",2008-06-26T12:00:00Z,true,false,true,true,true,
388,198,1,1,"36,1506,1507,1508,1450,882,790,1509,1510,683,1353,1511,1512,1330,126,31,45,1102",2008-06-26T12:00:00Z,true,false,true,true,true,
389,20,1,1,"66,1513,1514,1177,44,1515,1141,1516,73,1517,46,1518",2008-06-26T12:00:00Z,true,false,true,true,true,
390,20,1,1,"17,196,228,700,95",2008-06-26T12:00:00Z,true,false,true,true,true,
391,20,1,1,"1519,534,1065,120,369",2008-06-26T12:00:00Z,true,false,true,true,true,
392,20,1,1,"72,66,1424,1421,427,995,1269,153,1120,1261,73,148,1520,74",2008-06-26T12:00:00Z,true,false,true,true,true,
393,20,1,1,"1521,480,75",2008-06-26T12:00:00Z,true,false,true,true,true,
394,20,1,1,"37,1522,1523,1524,1525,392,556,308,1526,1527",2008-06-26T12:00:00Z,true,false,true,true,true,
395,20,1,1,"40,1528,314,1529",2008-06-26T12:00:00Z,true,false,true,true,true,
396,199,1,1,"343,1530,1531,1416,688,240,316",2008-06-26T12:00:00Z,true,false,true,true,true,10665
397,20,2,1,"1532,547,1533,527,557,1534,566,1535,490,1281,739,1154",2008-06-26T12:00:00Z,true,false,true,true,true,
398,200,2,1,"1536,1537,1538,31,7",2008-06-26T12:00:00Z,true,false,true,true,true,
399,20,2,1,"1539,1540,1541,124",2008-06-26T12:00:00Z,true,false,true,true,true,
400,201,2,1,"932,537,153,1542,378,283,1520,74,124",2008-06-26T12:00:00Z,true,false,true,true,true,
401,202,2,1,"36,1519,1543,44,173,429,628,147,1007,652,550,545,840,74,1544,1545,1546",2008-06-26T12:00:00Z,true,false,true,true,true,
402,20,2,1,,2008-06-26T12:00:00Z,true,false,true,true,true,
403,20,2,1,,2008-06-26T12:00:00Z,true,false,true,true,true,
404,203,2,1,"325,1547,1548,1549,329,445,1550",2008-06-26T12:00:00Z,true,false,true,true,true,
405,20,2,1,"1551,932,1552,124,309",2008-06-26T12:00:00Z,true,false,true,true,true,
406,20,2,1,"144,1486,351",2008-06-26T12:00:00Z,true,false,true,true,true,
407,20,2,1,"378,429,798",2008-06-26T12:00:00Z,true,false,true,true,true,
408,204,4,1,,2008-06-26T01:51Z,true,false,true,true,true,7993
409,205,4,1,,2008-06-26T01:17Z,false,false,true,false,true,10223
410,20,4,1,"1553,150,1411,135,150,1554,1555,1556,153,1557,615,1558,545,240",2008-06-26T12:00:00Z,true,false,true,true,true,1402
411,206,4,1,"875,1486,186,153",2008-06-26T12:00:00Z,true,false,true,true,true,
412,207,4,1,"1153,1269,1559,484,1168,1560,1432",2008-06-26T12:00:00Z,true,false,true,true,true,
413,208,4,1,"249,1561,178,522,549,1562,18",2008-06-26T12:00:00Z,true,false,true,true,true,
414,205,4,1,"1563,1564,50,153,267,1505,1565,173",2008-06-26T02:34:00Z,true,false,true,true,true,2124
415,209,4,1,"1566,1567,941,1568,173,876,999,1569,1482,1512,1570,1458",2008-06-26T12:00:00Z,true,false,true,true,true,5416
416,210,4,1,"137,1571,1572,153,1549,1573,1574,9",2008-06-26T12:00:00Z,true,false,true,true,true,
417,211,4,1,"1063,126,1575,282,999,1512,545,31,45,9,1576",2008-06-26T12:00:00Z,true,false,true,true,true,
418,212,4,1,"1577,1578,1579,1580,1269,628,354,1581,9,842",2008-06-26T12:00:00Z,true,false,true,true,true,
419,27,5,1,,2008-06-26T11:17Z,true,false,true,true,true,2816
420,213,5,1,"136,570,1582,550,1233,338,1446,1546,606",2008-06-26T12:00:00Z,true,false,true,true,true,
421,214,5,1,"194,888,1002,274,1524",2008-06-26T12:00:00Z,true,false,true,true,true,
422,214,5,1,"1583,1382,198,1584",2008-06-26T12:00:00Z,true,false,true,true,true,
423,214,5,1,"232,1509,683,1585",2008-06-26T12:00:00Z,true,false,true,true,true,
424,215,5,1,"1519,120,236,75",2008-06-26T12:00:00Z,true,false,true,true,true,
425,216,5,1,"1351,1586,394",2008-06-26T12:00:00Z,true,false,true,true,true,
426,217,5,1,"441,221,1587,541,327,1588,1055,1589,967,739,1586",2008-06-26T12:00:00Z,true,false,true,true,true,
427,218,6,1,,2008-06-26T02:15Z,true,false,true,true,true,12707
428,219,6,1,,2008-06-26T03:12Z,true,false,true,true,true,3746
429,220,6,1,"1590,848,799,604,1490,529,1591,503",2008-06-26T12:00:00Z,true,false,true,true,true,
430,20,6,1,"1592,1269,1593,539,891,1594,339,89,503,1595,1596,124,277,75,1102",2008-06-26T12:00:00Z,true,false,true,true,true,
431,221,6,1,"594,1209,835,1597,1159,240",2008-06-26T12:00:00Z,true,false,true,true,true,
432,222,6,1,"777,726,1598,549,643,1520",2008-06-26T12:00:00Z,true,false,true,true,true,
433,223,6,1,"1599,1600,1593,1601,35",2008-06-26T12:00:00Z,true,false,true,true,true,
434,224,6,1,"1602,1603,1604,643,656,932,1542,541,1605,286,1007,1606,711",2008-06-26T12:00:00Z,true,false,true,true,true,
435,225,6,1,"1607,1608,1609,1610,1611",2008-06-26T12:00:00Z,true,false,true,true,true,
436,20,6,1,"683,1587,1612,522,1613,1614,329,1615,559",2008-06-26T12:00:00Z,true,false,true,true,true,
437,68,13,1,"998,173,1616,1617,1618,47",2008-06-26T12:00:00Z,true,false,true,true,true,6606
438,61,5,1,"59,1038,1063,1509,153,1619,540,999,1073,1222,1007,652,1121,283,559,475",2008-06-27T10:12:31.304342+00:00,false,false,true,false,true,2855
439,226,13,1,"994,153,998,268,1401,386,1402,48,192,46,1620,1621,1622",2008-06-26T12:00:00Z,true,false,true,true,true,9759
440,104,4,1,,2008-06-25T11:20Z,true,false,true,true,true,3930
441,227,7,1,"544,612,1623,1624,613,1625,540,891",2008-06-26T12:00:00Z,true,false,true,true,true,1713
442,20,7,1,"283,353,1073,1168,652,552,445,220",2008-06-26T12:00:00Z,true,false,true,true,true,
443,20,7,1,"153,998,1626,118,268,386,1586",2008-06-26T12:00:00Z,true,false,true,true,true,
444,20,7,1,"249,903,1073,1007,652,1121",2008-06-26T12:00:00Z,true,false,true,true,true,
445,119,1,1,"41,74,37,399,1080,1487,1627,1628,1629,47,1630",2008-07-05T09:18:27.966432+00:00,false,false,true,false,true,4775
446,2,1,1,"1631,89,1632,1458,12,17,9,1633,95,96,1634",2008-07-02T13:52:58.330187+00:00,true,false,true,true,true,3157
447,228,1,1,,2008-07-03T12:00:00Z,true,false,true,true,true,
448,195,1,1,,2008-07-03T12:00:00Z,true,false,true,true,true,
449,20,1,1,,2008-07-03T12:00:00Z,true,false,true,true,true,
450,229,1,1,,2008-07-03T12:00:00Z,true,false,true,true,true,
451,230,1,1,,2008-07-03T12:00:00Z,true,false,true,true,true,
452,229,1,1,,2008-07-03T12:00:00Z,true,false,true,true,true,
453,20,1,1,,2008-07-03T12:00:00Z,true,false,true,true,true,
454,231,1,1,,2008-07-03T12:00:00Z,true,false,true,true,true,
455,232,1,1,"1635,121,275,1585,664,1636,1637",2008-07-04T16:56:55.354440+00:00,true,false,true,true,true,4007
456,233,1,1,,2008-07-03T12:00:00Z,true,false,true,true,true,
457,234,1,1,,2008-07-03T12:00:00Z,true,false,true,true,true,
458,235,1,1,,2008-07-03T12:00:00Z,true,false,true,true,true,
459,20,1,1,,2008-07-03T12:00:00Z,true,false,true,true,true,
460,236,1,1,,2008-07-03T12:00:00Z,true,false,true,true,true,
461,237,2,1,,2008-07-03T12:00:00Z,true,false,true,true,true,
462,202,2,1,,2008-07-03T12:00:00Z,true,false,true,true,true,
463,20,2,1,,2008-07-03T12:00:00Z,true,false,true,true,true,
464,20,2,1,,2008-07-03T12:00:00Z,true,false,true,true,true,
465,20,2,1,,2008-07-03T12:00:00Z,true,false,true,true,true,
466,131,4,1,"27,12,1234,17,907,1638,624,1639,228,1640,7",2008-07-02T08:39:57.384750+00:00,true,false,true,true,true,9850
467,171,4,1,"31,1641,1094,150,1642,981,294,1643,1644,295,74,1645,475",2008-07-09T16:28:53.374715+00:00,false,false,true,false,true,10604
468,238,4,1,,2008-07-03T12:00:00Z,true,false,true,true,true,
469,239,4,1,,2008-07-03T12:00:00Z,true,false,true,true,true,
470,240,4,1,,2008-07-03T12:00:00Z,true,false,true,true,true,
471,241,4,1,,2008-07-03T12:00:00Z,true,false,true,true,true,
472,126,5,1,"1646,1647,1648,1034,542,628,795,682,805,692",2008-07-04T08:44:02.181439+00:00,true,false,true,true,true,5923
473,126,5,1,"1152,50,373,1374,1649,1600,924,527,1650,1651,682,548,1652,1653",2008-07-04T08:51:28.270262+00:00,true,false,true,true,true,2808
474,242,5,1,"716,1104,153,1380,1654,1354,1655,1112,545",2008-07-04T09:26:26.461969+00:00,true,false,true,true,true,2568
475,243,5,1,,2008-07-03T12:00:00Z,true,false,true,true,true,
476,244,5,1,,2008-07-03T12:00:00Z,true,false,true,true,true,
477,215,5,1,,2008-07-03T12:00:00Z,true,false,true,true,true,
478,245,5,1,,2008-07-03T12:00:00Z,true,false,true,true,true,
479,246,5,1,,2008-07-03T12:00:00Z,true,false,true,true,true,
480,20,5,1,,2008-07-03T12:00:00Z,true,false,true,true,true,
481,247,5,1,,2008-07-03T12:00:00Z,true,false,true,true,true,
482,248,5,1,,2008-07-03T12:00:00Z,true,false,true,true,true,
483,32,6,1,"1656,297,1657,1244,327,75",2008-07-03T14:45:31.932479+00:00,true,false,true,true,true,3359
484,141,8,1,"1658,1659,1660,1661,1662,110,688,437",2008-07-04T08:25:34.195928+00:00,false,false,true,false,true,6135
485,249,6,1,,2008-07-03T12:00:00Z,true,false,true,true,true,
486,20,6,1,,2008-07-03T12:00:00Z,true,false,true,true,true,
487,250,6,1,,2008-07-03T12:00:00Z,true,false,true,true,true,
488,251,6,1,,2008-07-03T12:00:00Z,true,false,true,true,true,
489,252,6,1,,2008-07-03T12:00:00Z,true,false,true,true,true,
490,253,6,1,,2008-07-03T12:00:00Z,true,false,true,true,true,
491,254,6,1,,2008-07-03T12:00:00Z,true,false,true,true,true,
492,255,6,1,,2008-07-03T12:00:00Z,true,false,true,true,true,
493,33,13,1,"919,173,66,1663,212,921,1664,1665,1210,1253,1666,46",2008-07-04T06:20:11.666586+00:00,false,false,true,false,true,3662
494,256,13,1,"1667,136,1668,1669,1670,373,259,1671,1206,1672,386,487,1204",2008-07-06T13:57:45.578755+00:00,true,false,true,true,true,7042
495,257,7,1,"1673,1674,195,477,910,1675,1676,153,1677,1678,541,1679,1680,550",2008-07-04T14:35:45.018058+00:00,true,false,true,true,true,2130
496,258,7,1,"984,1222,236,550",2008-07-02T09:52:13.239149+00:00,true,false,true,true,true,
497,259,7,1,,2008-07-03T12:00:00Z,true,false,true,true,true,
498,260,7,1,,2008-07-03T12:00:00Z,true,false,true,true,true,
499,119,1,1,"482,36,38,570,37,1681,1407,1682,1451,1683,1684,1685,1454,484,1686,412,1687,74,1688,75,258",2008-07-12T02:16:04.364389+00:00,false,false,true,false,true,12540
500,261,1,1,"17,639,844,89,1266,9,1689,1690,1691,55,7,45,12,1692,340,83,279,95,22,102",2008-07-09T09:28:28.512672+00:00,false,false,true,false,true,12827
501,262,1,1,"85,519,17,89,1693,1694,1632,1695,61,12,19,279,281,93,95,1696,96",2008-07-09T13:09:42.236126+00:00,false,false,true,false,true,8201
502,263,1,1,"637,85,172,1432,639,941,339,1697,1698,1699,1700,1328,1701,7,89,217,661,279,22,281,475,1702,74",2008-07-12T02:15:54.822896+00:00,false,false,true,false,true,8456
503,2,1,1,"1703,150,1704,602,1705,1706,1707,1708",2008-07-09T11:36:20.773624+00:00,true,false,true,true,true,3193
504,264,1,1,"508,1709,1710,1711,31,45,25",2013-11-22T19:54:22.904280+00:00,true,false,true,true,true,
505,265,1,1,,2013-11-22T19:36:32.299223+00:00,true,false,true,true,true,
506,266,1,1,"1712,1713,1065,1714,1715,541,1716,120,54,236,463,1717,1017,1718,1719,75",2013-11-22T20:08:15.764029+00:00,true,false,true,true,true,
507,20,1,1,"286,1720,55,17,89,95,96",2013-11-22T19:27:35.687385+00:00,true,false,true,true,true,
508,20,1,1,,2013-11-22T20:25:14.243958+00:00,true,false,true,true,true,
509,20,1,1,,2013-11-22T19:52:05.471305+00:00,true,false,true,true,true,
510,267,1,1,,2013-11-22T19:42:35.127263+00:00,true,false,true,true,true,
511,268,1,1,,2013-11-22T19:55:15.414237+00:00,true,false,true,true,true,
512,269,1,1,"1721,38,66,112,37,875,1104,11,1426,1261,1722,1723,110",2013-11-22T20:02:28.308570+00:00,true,false,true,true,true,
513,20,1,1,,2013-11-22T20:23:13.565595+00:00,true,false,true,true,true,
514,270,1,1,"1724,1725,682,1524,1525,1726,464,1124",2013-11-22T20:26:23.499848+00:00,true,false,true,true,true,
515,236,1,1,"388,1543,843,1727,1728,313",2013-11-22T20:12:17.218260+00:00,true,false,true,true,true,
516,20,1,1,"388,399,1729,1730,1731,1732,1733,1105,1734",2013-11-22T20:03:37.852194+00:00,true,false,true,true,true,
517,271,1,1,"123,49,1735,1736,92,9,721,237,316",2008-07-11T10:53:39.579194+00:00,false,false,true,false,true,10552
518,110,22,1,"1737,637,1738,339,1356,859,1739,1740,1741,1039,1742,1214,475,1743,1744,7",2008-07-11T11:09:19.055532+00:00,false,false,true,false,true,17498
519,272,2,1,,2013-11-22T19:49:29.488797+00:00,true,false,true,true,true,
520,191,22,1,"1737,1356,1738,702,1745,1739,1746,664,9,1744,89,1743,711,102",2008-07-12T02:15:44.122002+00:00,false,false,true,false,true,15135
521,273,2,1,,2013-11-22T20:15:27.848564+00:00,true,false,true,true,true,
522,20,2,1,"212,301,1747,297,1382,557,28,1007,1520,538,283,287,277,1748",2013-11-22T19:43:43.582723+00:00,true,false,true,true,true,
523,20,2,1,,2013-11-22T20:21:45.717167+00:00,true,false,true,true,true,
524,20,2,1,,2013-11-22T20:23:47.342392+00:00,true,false,true,true,true,
525,274,4,1,"676,1749,1750,1751,1752,153,1753,1754,217,74,124,277,240,1616,7,75,543,25,680",2008-07-13T17:22:58.785235+00:00,true,false,true,true,true,13154
526,107,18,1,"1755,1122,1756,243,1757,465,1065,246",2008-07-09T10:14:26.204235+00:00,true,false,true,true,true,2599
527,275,4,1,"1758,1759,1760,121,1290,624,124,1761,1203",2008-07-14T15:58:27.541742+00:00,true,false,true,true,true,8788
528,276,1,1,"172,1337,121,562,56,683,1336,204,205,7,1445,57,1762,168,1154,712",2008-07-11T06:07:19.433818+00:00,false,false,true,false,true,12762
529,33,17,1,"1763,453,1764,1229,1765,1766",2008-07-12T16:13:42.875699+00:00,false,false,true,false,true,11354
530,277,4,1,"1767,1768,341,1415,661,1769,1482,1161,9,92,7,1527",2008-09-29T11:40:20.512991+00:00,true,false,true,true,true,8267
531,278,4,1,,2013-11-22T20:04:12.497191+00:00,true,false,true,true,true,
532,20,4,1,"1770,1228,153,54,1753",2013-11-22T20:27:32.111275+00:00,true,false,true,true,true,
533,279,4,1,,2013-11-22T19:39:23.599145+00:00,true,false,true,true,true,
534,239,4,1,,2013-11-22T20:08:50.272884+00:00,true,false,true,true,true,
535,20,4,1,,2013-11-22T20:14:53.832737+00:00,true,false,true,true,true,
536,238,4,1,"997,998,173,1557,1261,970,1569,1771,1082,549,1720,291,1287,545,1458,309",2013-11-22T19:52:39.932362+00:00,true,false,true,true,true,
537,240,4,1,,2013-11-22T20:01:53.997047+00:00,true,false,true,true,true,
538,23,5,1,"1772,1773,1275,746,328,1277,1060,1101,129",2008-07-10T11:56:17.770760+00:00,true,false,true,true,true,3202
539,115,5,1,"1774,27,1434,1420,888,1775,1776,1426,196,286,498,862,1719,61,12,83,1777",2008-07-10T07:51:42.123090+00:00,true,false,true,true,true,3119
540,126,5,1,"11,1424,1420,50,195,860,1337,1456,267,1778,1146,445,92,45,1779,121,189,210,1260,9,123,228,1780,1265,1204,1172",2008-07-11T09:11:40.148579+00:00,true,false,true,true,true,2535
541,20,5,1,"194,888,1002,274,1524",2013-11-22T19:45:27.321671+00:00,true,false,true,true,true,
542,280,5,1,,2013-11-22T20:10:34.028576+00:00,true,false,true,true,true,
543,20,5,1,,2013-11-22T19:44:17.823825+00:00,true,false,true,true,true,
544,281,5,1,,2013-11-22T20:14:18.836038+00:00,true,false,true,true,true,
545,282,5,1,"249,1781,1782,1783,1220,1784,970,1785,439,237",2013-11-22T20:18:20.095226+00:00,true,false,true,true,true,
546,283,1,1,"777,1786,1735,884,1471,1787,1788,832,322,142,9,1789",2008-07-11T12:51:43.523563+00:00,true,false,true,true,true,5012
547,255,6,1,,2013-11-22T20:00:11.151580+00:00,true,false,true,true,true,
548,284,6,1,"1790,1791,1792,445,74,1204",2013-11-22T19:47:10.779106+00:00,true,false,true,true,true,
549,285,6,1,,2013-11-22T19:44:52.812076+00:00,true,false,true,true,true,
550,286,6,1,"1793,301,1794,1694,1380,1534,1795,1796,842,1797",2013-11-22T20:28:58.682693+00:00,true,false,true,true,true,
551,20,6,1,"1798,287,1799,1800,295",2013-11-22T19:42:00.673255+00:00,true,false,true,true,true,
552,287,6,1,,2013-11-22T20:22:20.224128+00:00,true,false,true,true,true,
553,38,6,1,,2013-11-22T20:17:11.018954+00:00,true,false,true,true,true,
554,288,6,1,,2013-11-22T20:01:19.801271+00:00,true,false,true,true,true,
555,289,6,1,,2013-11-22T19:29:02.162578+00:00,true,false,true,true,true,
556,290,6,1,"1801,1802,1803,912,491,74,1804,1805,103,316,129",2013-11-22T19:32:46.761735+00:00,true,false,true,true,true,
557,20,6,1,,2013-11-22T19:48:37.238862+00:00,true,false,true,true,true,
558,291,6,1,,2013-11-22T19:55:50.211150+00:00,true,false,true,true,true,
559,292,23,1,"1806,274,1535,1807",2008-07-11T09:35:17.940116+00:00,false,false,true,false,true,4508
560,293,13,1,"1142,918,1808,1809",2008-07-10T02:21:46.086500+00:00,true,false,true,true,true,7038
561,294,7,1,"297,1674,195,1810,717,1811,153,431,550,1546",2008-07-11T02:16:29.901636+00:00,true,false,true,true,true,2089
562,295,17,1,"461,1513,1812,922,1813,1814,1815,153,1816,545,74,1124,48,828",2008-07-10T07:45:17.984272+00:00,false,false,true,false,true,6894
563,259,7,1,"1817,1503,1422,1818,1007,652,1121,1136,157,1172",2013-11-22T19:34:48.706071+00:00,true,false,true,true,true,
564,20,7,1,"1721,1038,265,1819,891,1820,899,1222,274,1079,1821,1074,1822,92,1202,74,240,1823,1172",2013-11-22T19:25:18.020922+00:00,true,false,true,true,true,
565,296,1,1,"1824,574,1825,519,1826,40,1827,1828,1829,799,1830,1831,100,142,74",2008-07-19T02:27:14.540548+00:00,true,false,true,true,true,17705
566,297,1,1,"31,295,69,855,1352,1363,1261,1832,1833,1834,1835,339,45,142,981,9,7,110,75",2008-07-20T02:26:46.994063+00:00,false,false,true,false,true,17955
567,298,1,1,"664,1836,1837,576,1081,844,1838,1049,29,33,1839,579,1840,102",2008-07-19T02:27:14.018823+00:00,true,false,true,true,true,5670
568,299,1,1,"977,1065,1841,1716,120,1842,463,1843,1490,298,124",2008-07-22T15:17:05.172700+00:00,true,false,true,true,true,4055
569,300,1,1,"1844,639,27,8,639,1845,1846,695,12,850,198,279,19,1847",2008-07-24T14:39:43.058418+00:00,true,false,true,true,true,4641
570,2,9,1,"7,639,85,1848,1849,284,89,360,16,501,53,1147,279,9,947,624,1760,1850,475,712",2008-07-16T12:40:08.856257+00:00,false,false,true,false,true,3160
571,301,1,1,"12,286,1084,1851,61,1852,1853,282,62,1854,63,1728,17,340,687,35",2008-07-16T14:31:44.986717+00:00,false,false,true,false,true,7666
572,228,1,1,,2013-11-23T04:50:37.753383+00:00,true,false,true,true,true,
573,230,1,1,,2013-11-23T04:41:25.127647+00:00,true,false,true,true,true,
574,264,1,1,"1855,671,537,838,1856",2013-11-23T04:21:53.629271+00:00,true,false,true,true,true,
575,20,1,1,,2013-11-23T04:44:01.644259+00:00,true,false,true,true,true,
576,302,1,1,,2013-11-23T04:39:42.164118+00:00,true,false,true,true,true,
577,14,1,1,"40,1857,1705,1858,275",2008-07-19T02:27:13.407901+00:00,true,false,true,true,true,5116
578,20,1,1,,2013-11-23T04:28:29.672374+00:00,true,false,true,true,true,
579,20,1,1,,2013-11-23T03:54:50.720277+00:00,true,false,true,true,true,
580,20,1,1,,2013-11-23T04:40:50.883605+00:00,true,false,true,true,true,
581,20,1,1,,2013-11-23T04:17:51.431265+00:00,true,false,true,true,true,
582,20,1,1,,2013-11-23T03:57:08.601454+00:00,true,false,true,true,true,
583,20,1,1,,2013-11-23T04:33:04.899192+00:00,true,false,true,true,true,
584,20,1,1,,2013-11-23T04:16:09.035732+00:00,true,false,true,true,true,
585,20,1,1,,2013-11-23T03:45:37.116757+00:00,true,false,true,true,true,
586,20,1,1,,2013-11-23T04:11:15.029064+00:00,true,false,true,true,true,
587,20,1,1,,2013-11-23T04:31:55.935543+00:00,true,false,true,true,true,
588,303,1,1,"637,1859,85,544,459,1860,492,498,339,501,279,22,7,475,1760,168,1861,1862",2013-11-23T04:19:35.267721+00:00,true,false,true,true,true,
589,304,1,1,,2013-11-23T03:47:55.294817+00:00,true,false,true,true,true,
590,305,1,1,,2013-11-23T04:07:48.768468+00:00,true,false,true,true,true,
591,20,1,1,,2013-11-23T04:23:02.373005+00:00,true,false,true,true,true,
592,306,1,1,"36,1387,1543,1863,1864,945,684,1338,552,1458,309",2013-11-23T04:25:20.515594+00:00,true,false,true,true,true,
593,307,1,1,,2013-11-23T04:48:54.498528+00:00,true,false,true,true,true,
594,270,1,1,,2013-11-23T03:46:46.561523+00:00,true,false,true,true,true,
595,236,1,1,"1865,388,1073,1866,7",2013-11-23T04:37:58.221396+00:00,true,false,true,true,true,
596,154,5,1,"1288,37,1867,1868,1869,1870,1871,521,1872,124,353,687,711",2008-07-22T11:43:07.457501+00:00,false,false,true,false,true,29160
597,273,2,1,,2013-11-23T03:47:20.818920+00:00,true,false,true,true,true,
598,154,5,1,"1351,1873,1870,1002,1871,1236,521,522,682,291,1874,9,228,7",2008-07-22T11:43:20.622950+00:00,false,false,true,false,true,4060
599,154,5,1,"800,1871,1600,353,1132,628,548,1807,149,1875,124",2008-07-22T11:43:55.887778+00:00,false,false,true,false,true,5594
600,202,2,1,"1519,477,1113,1876,484,1270,74,1877",2013-11-23T03:50:12.945984+00:00,true,false,true,true,true,
601,308,2,1,,2013-11-23T04:13:16.332888+00:00,true,false,true,true,true,
602,308,2,1,,2013-11-23T04:06:39.750809+00:00,true,false,true,true,true,
603,309,4,1,"1400,1555,1878,1164,1178,538,1879,344,1880,1881,848,1286,174,545,1390,398",2008-07-16T08:56:48.849949+00:00,false,false,true,false,true,3116
604,310,4,1,,2013-11-23T04:34:13.545308+00:00,true,false,true,true,true,
605,241,4,1,,2013-11-23T04:14:25.682328+00:00,true,false,true,true,true,
606,241,4,1,,2013-11-23T04:26:46.920714+00:00,true,false,true,true,true,
607,311,4,1,"1882,1403,181,204,1883,1389,350,92",2008-07-20T19:47:35.143863+00:00,true,false,true,true,true,3580
608,312,4,1,,2013-11-23T04:02:20.976733+00:00,true,false,true,true,true,
609,210,4,1,,2013-11-23T04:47:27.814976+00:00,true,false,true,true,true,
610,240,4,1,,2013-11-23T04:30:13.312714+00:00,true,false,true,true,true,
611,313,4,1,,2013-11-23T04:46:18.228854+00:00,true,false,true,true,true,
612,312,4,1,,2013-11-23T04:24:45.884637+00:00,true,false,true,true,true,
613,314,5,1,"369,211,1884,278,669,1885",2008-07-18T23:06:02.841343+00:00,false,false,true,false,true,12945
614,23,5,1,"1886,1522,1523,1380,891,1887,328,896",2008-07-17T14:06:58.073975+00:00,true,false,true,true,true,2581
615,315,5,1,"1888,1889,1380,1890,1186,1891,1892,1238,889,11,243,1588,1893,9,7",2008-07-17T05:31:17.891807+00:00,true,false,true,true,true,5885
616,316,5,1,"1894,477,1895,1521,1896,860,1897,1898,663,1899,277",2013-11-23T04:34:47.962178+00:00,true,false,true,true,true,
617,215,5,1,,2013-11-23T04:52:21.317527+00:00,true,false,true,true,true,
618,20,5,1,"194,888,1002,274,1524",2013-11-23T04:04:22.283171+00:00,true,false,true,true,true,
619,317,5,1,"1900,283,891,243,1888,1901",2013-11-23T03:59:28.555126+00:00,true,false,true,true,true,
620,20,5,1,,2013-11-23T04:05:31.203172+00:00,true,false,true,true,true,
621,216,5,1,,2013-11-23T04:00:36.813368+00:00,true,false,true,true,true,
622,318,5,1,,2013-11-23T04:45:43.834192+00:00,true,false,true,true,true,
623,319,6,1,"297,1902,1761",2008-07-17T12:54:39.227798+00:00,true,false,true,true,true,3791
624,95,6,1,"1903,1280,635,597,1904,287,283",2008-07-22T09:23:52.685621+00:00,true,false,true,true,true,1901
625,320,6,1,"301,1905,282,359,449,1906,1605,550,963,1907,1908",2008-07-17T09:00:02.351314+00:00,true,false,true,true,true,2121
626,137,8,1,"1909,297,1910,1849,339",2008-07-18T10:03:28.848035+00:00,false,false,true,false,true,3853
627,321,6,1,,2013-11-23T03:56:33.807295+00:00,true,false,true,true,true,
628,322,6,1,,2013-11-23T04:22:27.944071+00:00,true,false,true,true,true,
629,20,6,1,"297,195,244,246",2013-11-23T03:48:29.850297+00:00,true,false,true,true,true,
630,223,6,1,,2013-11-23T04:29:03.995018+00:00,true,false,true,true,true,
631,323,6,1,"1911,931,1912,1913,538,1914,1915,1916,717,173,1779,35",2013-11-23T04:53:29.348324+00:00,true,false,true,true,true,
632,285,6,1,,2013-11-23T04:03:14.256718+00:00,true,false,true,true,true,
633,324,6,1,,2013-11-23T03:52:30.565639+00:00,true,false,true,true,true,
634,20,6,1,"1917,1297,1896,153,1614,596,53,328,708,74",2013-11-23T04:15:00.194555+00:00,true,false,true,true,true,
635,20,6,1,,2013-11-23T04:29:38.529034+00:00,true,false,true,true,true,
636,104,1,1,"136,1424,1052,1918,590,272,1039,1072,1207,986,275,1919,652,839,1920,92,9",2008-07-17T12:32:25.758091+00:00,true,false,true,true,true,2914
637,76,13,1,"1667,1921,1918,1380,1922,268,328,288,74,1109",2008-07-17T05:07:10.636122+00:00,true,false,true,true,true,2841
638,68,13,1,"1923,1924,1925,648,557,1100,664,1926,558,429,147,74,487",2008-07-21T06:34:22.804873+00:00,true,false,true,true,true,2523
639,325,13,1,"427,50,100,1927,628,354,92,210,83,82,1154",2008-07-17T13:32:46.385836+00:00,true,false,true,true,true,6953
640,326,7,1,,2013-11-23T04:13:50.772131+00:00,true,false,true,true,true,
641,260,7,1,,2013-11-23T04:10:06.534086+00:00,true,false,true,true,true,
642,327,1,1,"1928,66,37,1167,1731,1929,1930,1931,74,968,192,46",2008-07-26T03:21:51.378236+00:00,true,false,true,true,true,15070
643,328,1,1,"65,68,400,1932,619,1933,38,37,1844,66,1934,799,74,7",2008-07-24T16:16:01.221149+00:00,true,false,true,true,true,16557
644,329,9,1,"1607,330,9,61,889,1607,664,1044,1728,126,31,7,45,12,501,142,74,1935,102",2008-07-24T03:12:48.028613+00:00,true,false,true,true,true,12265
645,131,1,1,"1936,639,22,1937,1938,1939,544,496,1940,279,9,191",2008-07-24T16:12:48.866860+00:00,false,false,true,false,true,13959
646,330,1,1,"1051,1941,816,1942,1943,1944,1511,1945,580,577,501,110,1946",2008-07-23T16:53:50.760930+00:00,true,false,true,true,true,3161
647,331,1,1,"639,941,40,1947,1698,1732,1948,641,123,1949,142,662,1950,168,1951,991",2008-07-24T13:32:11.215079+00:00,true,false,true,true,true,9303
648,228,1,1,,2013-11-22T11:24:13.080844+00:00,true,false,true,true,true,
649,228,1,1,,2013-11-22T10:43:32.833612+00:00,true,false,true,true,true,
650,332,1,1,"1952,100,664,1953,1954",2013-11-22T10:59:44.287102+00:00,true,false,true,true,true,
651,265,1,1,,2013-11-22T10:42:58.707203+00:00,true,false,true,true,true,
652,333,1,1,,2013-11-22T11:25:56.036153+00:00,true,false,true,true,true,
653,20,1,1,,2013-11-22T10:32:03.446430+00:00,true,false,true,true,true,
654,20,1,1,,2013-11-22T11:27:40.213798+00:00,true,false,true,true,true,
655,334,1,1,,2013-11-22T10:40:38.247180+00:00,true,false,true,true,true,
656,20,1,1,,2013-11-22T10:56:34.251822+00:00,true,false,true,true,true,
657,335,1,1,,2013-11-22T11:18:10.811583+00:00,true,false,true,true,true,
658,266,1,1,,2013-11-22T10:58:36.153621+00:00,true,false,true,true,true,
659,336,1,1,"504,1607,1955,45,17,1084,1956,31,1133,1692,340,142,9,1957,1958",2013-11-22T11:08:59.140356+00:00,true,false,true,true,true,
660,266,1,1,,2013-11-22T11:24:47.874123+00:00,true,false,true,true,true,
661,337,1,1,"399,31,1363,639,37,855,844,889,1543,284,294,9,122,339,45,18,142,1832,228,7,295",2008-07-24T16:17:58.507381+00:00,false,false,true,false,true,7668
662,338,1,1,,2013-11-22T10:44:07.211780+00:00,true,false,true,true,true,
663,339,1,1,,2013-11-22T10:50:25.547913+00:00,true,false,true,true,true,
664,202,2,1,"36,297,1959,1543,755,1960,1593,283,835,758,762,424,550,760,1618",2013-11-22T11:29:24.324590+00:00,true,false,true,true,true,
665,308,2,1,,2013-11-22T10:34:54.849565+00:00,true,false,true,true,true,
666,308,2,1,,2013-11-22T11:05:30.520175+00:00,true,false,true,true,true,
667,340,4,1,"136,995,1961,875,177,153,1962,877,843,1963,1136,1964,92,9",2008-07-24T07:59:28.176927+00:00,false,false,true,false,true,3131
668,98,4,1,"1965,137,1966,1555,1400,1879,344,997,11,1967,876,1968,1512,545,1390,1625,349,142,1124",2008-07-23T12:58:32.050459+00:00,false,false,true,false,true,2431
669,79,4,1,"36,38,112,37,1424,1969,1970,1971,1403,1972,1973,272,1974,1975,651,454,121,57,9,123,1877,124",2008-07-29T06:26:42.225261+00:00,false,false,true,false,true,6225
670,263,4,1,,2013-11-22T10:46:59.674989+00:00,true,false,true,true,true,
671,238,4,1,,2013-11-22T10:32:36.177616+00:00,true,false,true,true,true,
672,239,4,1,"1976,639,1424,1977,1063,1978,1811,153,1005,1416,737,133,1017,1979,210,9,1192,1980",2013-11-22T10:55:59.842275+00:00,true,false,true,true,true,
673,240,4,1,,2013-11-22T11:06:57.263979+00:00,true,false,true,true,true,
674,139,4,1,"343,1981,1002,1982,460,527,1557,1926,1983,464",2013-11-22T10:41:13.100879+00:00,true,false,true,true,true,
675,341,5,1,"441,1984,1985,716,213,204,1760,31,7,168,1986,680,1987",2008-07-24T05:01:37.813757+00:00,true,false,true,true,true,6143
676,342,5,1,"639,112,1078,150,31,339,661,74,7,1760,475,101,1988",2008-07-24T04:01:00.238171+00:00,true,false,true,true,true,9076
677,27,5,1,"1989,1990,1991,189,1760,1992,1527",2008-07-24T04:06:00.974304+00:00,true,false,true,true,true,14580
678,343,5,1,"1993,1994,1087,372,1995,1996,1643,1997,1998,1999,31,92,45,581,83,661,9,662,7,35",2008-07-24T06:37:54.154740+00:00,true,false,true,true,true,4917
679,344,5,1,"2000,2001,716,2002,1241,2003",2008-07-24T03:57:27.869330+00:00,true,false,true,true,true,5085
680,215,5,1,,2013-11-22T11:02:01.979520+00:00,true,false,true,true,true,
681,27,5,1,"1380,1921,1003,2004,2005,394,1760,75,317",2008-07-24T04:01:33.009165+00:00,true,false,true,true,true,4086
682,345,5,1,,2013-11-22T11:20:29.490230+00:00,true,false,true,true,true,
683,20,5,1,,2013-11-22T11:15:52.794251+00:00,true,false,true,true,true,
684,346,5,1,,2013-11-22T10:46:24.808899+00:00,true,false,true,true,true,
685,347,6,1,"297,1714,2006,2007,74",2008-07-24T12:04:30.873483+00:00,true,false,true,true,true,3410
686,348,24,1,"2008,2009,35",2008-07-25T12:11:50.021934+00:00,false,false,true,false,true,4807
687,20,6,1,,2013-11-22T10:47:34.536045+00:00,true,false,true,true,true,
688,349,6,1,,2013-11-22T11:04:37.747607+00:00,true,false,true,true,true,
689,350,6,1,,2013-11-22T11:13:34.654981+00:00,true,false,true,true,true,
690,351,6,1,"1197,846,246,799,173,244",2013-11-22T11:08:24.084223+00:00,true,false,true,true,true,
691,352,6,1,,2013-11-22T11:02:36.648826+00:00,true,false,true,true,true,
692,351,6,1,"2010,1195,1522,2011,251,2012,755,2013,1654,1623,329,12",2013-11-22T10:38:21.127014+00:00,true,false,true,true,true,
693,20,6,1,,2013-11-22T11:22:46.861343+00:00,true,false,true,true,true,
694,288,6,1,,2013-11-22T11:23:39.008020+00:00,true,false,true,true,true,
695,353,6,1,"2014,297,726,441,537,1599,597,760",2013-11-22T11:18:45.189344+00:00,true,false,true,true,true,
696,352,6,1,,2013-11-22T11:06:04.976259+00:00,true,false,true,true,true,
